id,code,country,region,efw,cpi,gdp_pc,inc_group,scandinavia,reg,pol,prot,govexp,foraid,inf,pop,col,nat,oil,min,pres,legint,cci,agedem,col_uk,lgdp_pc,lpop,lfor,hinc,america
1,ALB,Albania,Europe & Central Asia,7.8,36,13601.30338,Upper middle income,0,7.721733508,9,0,28.82,342890014.6,1.359400395,2866376,TUR,2.354475475,1.947653983,0.14925837,,5.707933333,-0.5219214,19,0,9.5179209038968,14.868559072065933,19.652920296565863,1,0
2,DZA,Algeria,Middle East & North Africa,4.97,35,11642.19449,Lower middle income,0,5.563704239,2,0,38.166,143979995.7,7.064889166,42228429,FRA,19.02332624,15.77386232,0.035436258,,4.694286667,-0.6301624,0,0,9.362391233584598,17.558604225176236,18.785184929140172,0,0
3,AGO,Angola,Sub-Saharan Africa,4.75,19,6933.50556,Lower middle income,0,5.386199995,-2,19.8,19.695,159449996.9,29.06595449,30809762,PRT,26.76820695,25.61992433,,,4.867423333,-1.144679,0,0,8.844120817097398,17.24334214577833,18.88724093197851,0,0
4,ARG,Argentina,Latin America & Caribbean,5.78,40,22759.39856,Upper middle income,0,5.757400918,9,2.7,39.49,70989997.86,40.01216526,44494502,ESP,2.235890922,1.384393127,0.364023626,1,4.784466667,-0.0702693,33,0,10.032733462583556,17.61087618894167,18.078049549870478,1,1
5,ARM,Armenia,Europe & Central Asia,7.92,35,12714.95819,Upper middle income,0,7.762321375,5,0,24.05,139089996.3,2.787709514,2951776,TUR,6.601176006,,6.31713929,,5.44906,-0.3491441,0,0,9.45053438960858,14.897917581064602,18.75063173698183,1,0
6,AUS,Australia,East Asia & Pacific,8.23,77,49544.98296,High income,0,8.72628126,10,23.5,36.876,,1.885615996,24982688,GBR,7.502275241,0.315085296,4.930663025,0,8.440326667,1.80646,115,1,10.81063628256318,17.033693662957454,,0,0
7,AUT,Austria,Europe & Central Asia,7.8,76,55630.60848,High income,0,7.666165836,10,6.5,48.65,,1.713296752,8840521,.,0.148450262,0.043067914,0.016182107,0,8.619443333,1.596492,70,0,10.926488840992622,15.994856369528714,,0,0
8,AZE,Azerbaijan,Europe & Central Asia,6.37,25,14209.64941,Upper middle income,0,7.335151573,-7,0,33.134,83970001.22,12.18443296,9939771,RUS,29.59159104,25.27826101,0.488552429,,4.489636667,-0.8286991,0,0,9.561676548724858,16.112054540137997,18.245970164688746,1,0
9,BHS,"Bahamas, The",Latin America & Caribbean,7.62,65,37019.51507,High income,0,8.456796353,,47.2,19.247,,1.192287471,385640,GBR,0.009722768,,,,6.7,1.13127,43,1,10.519200486906092,12.862659570778316,,0,1
10,BHR,Bahrain,Middle East & North Africa,7.16,36,46227.02712,High income,0,7.689251501,-10,0.9,33.794,,4.28608442,1569439,GBR,4.335873447,2.31334993,,,5.369216667,-0.147291,0,1,10.74131990861992,14.266228788627993,,0,0
11,BGD,Bangladesh,South Asia,6.04,26,4441.424462,Lower middle income,0,6.607839134,1,0.2,14.302,3040219971,5.597397181,161356039,GBR,0.657600026,0.026173792,,0,4.14318,-0.9051279,0,1,8.398730428747783,18.899123903713495,21.835195708628344,0,0
12,BRB,Barbados,Latin America & Caribbean,6.22,68,15674.84963,High income,0,6.654867108,,33.2,29.548,,2.776033594,286641,GBR,0.066660685,0.053021101,,0,7.259766667,1.411579,50,1,9.659812772472652,12.565985840669374,,0,1
13,BLR,Belarus,Europe & Central Asia,6.35,44,18885.2355,Upper middle income,0,7.059795573,-7,0,37.845,117010002.1,12.13922998,9483499,RUS,1.610114804,0.559725988,,1,5.052043333,-0.1922859,0,0,9.846135705283261,16.065063898960208,18.577769977142324,1,0
14,BEL,Belgium,Europe & Central Asia,7.56,75,51298.63032,High income,0,8.191134277,8,0.4,52.237,,1.625350882,11427054,.,0.01674252,,,0,7.62338,1.510498,122,0,10.84541933138722,16.251494259767462,,0,0
15,BLZ,Belize,Latin America & Caribbean,6.6,,7118.331931,Upper middle income,0,7.834773528,,13.2,33.075,33360000.61,-0.191061279,383071,GBR,1.057986081,0.750505925,,0,,-0.1381951,35,1,8.870428697604394,12.855975629572374,17.322868153740192,1,1
16,BEN,Benin,Sub-Saharan Africa,6.2,40,3160.777093,Lower middle income,0,6.796284528,7,2.8,16.568,570270019.5,0.58982721,11485048,FRA,2.369257116,0.130674288,,,6.58658,-0.3859641,25,0,8.058573191855025,16.25655657346099,20.161620525044775,0,0
17,BTN,Bhutan,South Asia,6.63,68,11348.47204,Lower middle income,0,7.677975261,5,0,34.466,100470001.2,1.759330695,754394,.,1.954067975,,0.067870315,,6.75652,1.646751,0,0,9.33683839182076,13.533670056929354,18.425369745382362,0,0
18,BOL,Bolivia,Latin America & Caribbean,6.3,29,8655.52996,Lower middle income,0,5.249401741,7,2.3,37.095,726929992.7,3.056265908,11353142,ESP,7.793507637,1.534543759,4.111262749,1,4.710726667,-0.6219789,34,0,9.065953697393729,16.245005091775663,20.404340734712466,0,1
19,BIH,Bosnia and Herzegovina,Europe & Central Asia,6.9,38,14422.9462,Upper middle income,0,7.483059549,,4,41.269,351559997.6,2.747630824,3323929,TUR,1.194953005,,0.36977884,,5.408793333,-0.5718637,24,0,9.576575703423325,15.01665807492189,19.677890944834004,1,0
20,BWA,Botswana,Sub-Saharan Africa,7.6,61,17634.19462,Upper middle income,0,8.047831383,8,26.8,32.459,82480003.36,1.167155782,2254126,GBR,1.217888846,,0.542349989,0,6.466953333,0.7486417,50,1,9.777595172219845,14.628272872640595,18.228066438410128,1,0
21,BRA,Brazil,Latin America & Caribbean,6.56,35,14596.24616,Upper middle income,0,4.771719782,8,4,38.088,429160003.7,3.285439898,209469333,PRT,4.640647567,2.070151557,1.878039549,1,4.70955,-0.3999677,31,0,9.588519662308618,19.16008790475002,19.87734037635431,1,1
22,BRN,Brunei Darussalam,East Asia & Pacific,6.6,63,60388.90309,High income,0,8.546844373,,1.1,32.155,,9.217653488,428962,GBR,25.43044529,11.68516976,,,8.3,0.7954304,0,1,11.008560643368147,12.969123615898305,,0,0
23,BGR,Bulgaria,Europe & Central Asia,7.74,42,22191.325,Upper middle income,0,7.873788105,9,0.4,34.396,,4.012248585,7025037,TUR,0.919710992,0.010367553,0.534553818,0,5.444516667,-0.1515384,26,0,10.007456725725767,15.764991040074127,,1,0
24,BFA,Burkina Faso,Sub-Saharan Africa,5.85,41,2120.322861,Low income,0,7.123058205,6,1.6,23.758,1110579956,2.03309234,19751535,FRA,14.17054324,,9.635248112,,5.838716667,-0.1129444,0,0,7.659323648995196,16.79874176781023,20.82814819870688,0,0
25,BDI,Burundi,Sub-Saharan Africa,5.94,17,761.5241934,Low income,0,6.332056742,-1,4.9,25.766,449829986.6,-2.850857066,11175378,BEL,11.21425337,,0.905083764,,3.15878,-1.450813,11,0,6.635321942546231,16.22922352339519,19.924380261785828,0,0
26,CPV,Cabo Verde,Sub-Saharan Africa,7.41,57,6864.147427,Lower middle income,0,7.261854788,10,3,30.881,83190002.44,1.523827509,543767,PRT,0.379099981,,,,6.629693333,0.7674509,25,0,8.834067119229683,13.206276125264127,18.23663773559052,0,0
27,KHM,Cambodia,East Asia & Pacific,7.28,20,4159.337426,Lower middle income,0,6.951778516,2,0.1,23.175,768559997.6,3.111821368,16249798,FRA,0.84163394,,,,3.551826667,-1.325735,0,0,8.333111067973928,16.603591035893526,20.460029188943036,0,0
28,CMR,Cameroon,Sub-Saharan Africa,5.85,25,3603.551705,Lower middle income,0,6.474040533,-4,18.1,18.546,1164130005,1.599369993,25216237,FRA,6.20460584,3.137319248,0.136918373,,3.655206667,-1.151188,0,0,8.189675222811577,17.04299867038999,20.87523986816333,0,0
29,CAN,Canada,North America,8.17,81,48924.39917,High income,0,8.752908336,10,29.6,41.047,,1.814597851,37057765,GBR,2.470435919,1.764450401,0.46806625,0,8.17343,1.828014,149,1,10.798031511555246,17.42798846939363,,0,1
30,CAF,Central African Republic,Sub-Saharan Africa,5.27,26,933.1095507,Low income,0,5.387012975,0,50,17.605,655659973.1,-1.224117158,4666377,FRA,9.068494277,,0.076537034,,4.805013333,-1.233546,0,0,6.8385226116393145,15.355893525556342,20.301152878837993,0,0
31,TCD,Chad,Sub-Saharan Africa,5.71,19,1576.31867,Low income,0,4.931429868,-2,11.6,13.35,875400024.4,5.014657778,15477751,FRA,23.95442915,20.14559332,0.003670222,,4.14362,-1.410568,0,0,7.36284745175445,16.55491413133335,20.590191510594043,0,0
32,CHL,Chile,Latin America & Caribbean,7.96,67,24258.64985,High income,0,7.123435996,10,1.9,25.361,,2.360479316,18729160,ESP,11.99867778,0.014341412,11.46398231,1,7.262626667,1.046754,26,0,10.096528527610507,16.745592225576882,,0,1
33,CHN,China,East Asia & Pacific,6.21,39,15242.98586,Upper middle income,0,6.436801179,-7,0,32.927,,3.499747636,1392730000,.,1.584155062,0.431876263,0.330954107,,4.97761,-0.2712651,0,0,9.631874732622496,21.054531686683113,,1,0
34,COL,Colombia,Latin America & Caribbean,6.71,36,14451.98806,Upper middle income,0,7.413992973,7,0.9,34.723,1762689941,4.483478097,49661056,ESP,5.513777084,3.962759255,0.524357571,1,4.351786667,-0.2874098,58,0,9.578587266083963,17.72073160241748,21.290106854787414,1,1
35,COD,"Congo, Dem. Rep.",Sub-Saharan Africa,5.15,20,1085.893701,Low income,0,5.307141274,5,,11.139,2509780029,28.96934373,84068091,,25.51925095,0.626901822,16.16901571,,2.80987,-1.503585,0,,6.990158614487732,18.24713763558591,21.643460948401078,0,0
36,COG,"Congo, Rep.",Sub-Saharan Africa,5.03,19,3906.939945,Lower middle income,0,4.897127997,-4,24.9,19.617,144470001.2,23.11112008,5244363,FRA,54.91635612,49.96261309,0.036438205,,3.83085,-1.358974,0,0,8.27050972380819,15.47266434343796,18.788582439811787,0,0
37,CRI,Costa Rica,Latin America & Caribbean,7.62,56,19426.65337,Upper middle income,0,6.805053703,10,5.8,19.547,94169998.17,2.540951454,4999441,ESP,0.824939015,,0.004334365,1,5.883293333,0.5514317,67,0,9.874401287186439,15.42483666414829,18.360612198053307,1,1
38,CIV,Cote d'Ivoire,Sub-Saharan Africa,6.09,35,5033.478224,Lower middle income,0,6.924993147,4,4.7,17.803,953700012.2,0.634843913,25069229,FRA,2.641433891,1.073532827,1.136471354,,4.902223333,-0.4993051,0,0,8.523866519945756,17.037151715772456,20.67585972734142,0,0
39,HRV,Croatia,Europe & Central Asia,7.36,48,27668.77742,High income,0,7.456569904,9,0.4,46.294,,2.000307415,4087843,AUT,0.802890647,0.335997275,2.96488e-4,,6.74604,0.1316723,16,0,10.228059887489673,15.223528005040121,,0,0
40,CYP,Cyprus,Europe & Central Asia,7.84,59,38822.49197,High income,0,7.932334482,10,0.6,43.443,,1.218685241,1189265,GBR,0.007770791,,0.006798946,,7.74373,0.6400679,39,1,10.566755047604506,13.988846027206366,,0,0
41,CZE,Czech Republic,Europe & Central Asia,7.81,59,40079.16326,High income,0,8.410534868,9,4.6,40.598,,2.568285486,10629928,AUT,0.160623914,0.013598307,,0,7.60714,0.5038155,23,0,10.598611858794317,16.17918397701203,,0,0
42,DNK,Denmark,Europe & Central Asia,8.1,88,56444.18955,High income,1,8.50645278,10,95.2,50.943,,0.575137384,5793636,.,0.621250509,0.475181254,,0,8.81616,2.1481,115,0,10.941007633367747,15.572270631727315,,0,0
43,DOM,Dominican Republic,Latin America & Caribbean,7.58,30,17711.76553,Upper middle income,0,6.601204703,8,1.4,16.316,86569999.69,4.121489687,10627165,FRA,1.448456957,,1.416992919,,5.17414,-0.7564989,50,0,9.781984416943,16.17892401672343,18.27646388961104,1,1
44,ECU,Ecuador,Latin America & Caribbean,6.46,34,11561.74921,Upper middle income,0,6.164765747,5,1.9,38.5,396309997.6,1.818873571,17084357,ESP,7.708741315,7.254417858,0.169160484,1,4.93828,-0.5656243,13,0,9.355457446523241,16.653673807470653,19.797707285195475,1,1
45,EGY,"Egypt, Arab Rep.",Middle East & North Africa,5.38,35,11366.33633,Lower middle income,0,4.802224006,-4,0.2,30.107,2063739990,21.42622592,98423595,GBR,6.91132839,5.280486388,0.283418448,,4.979453333,-0.5658687,0,1,9.33841131230436,18.40479111986364,21.447785702793148,0,0
46,SLV,El Salvador,Latin America & Caribbean,7.41,35,8615.576151,Lower middle income,0,6.461253463,8,2.4,25.195,248570007.3,2.075183689,6420744,ESP,0.597255898,,,1,3.77711,-0.6006837,32,0,9.061327024381072,15.675044556802133,19.33123508334257,0,1
47,EST,Estonia,Europe & Central Asia,7.96,73,35292.5427,High income,0,8.166438689,9,66,39.118,,4.180246155,1321977,RUS,1.206477386,0.352661529,,0,7.099556667,1.506536,25,0,10.47142696564641,14.094638901360426,,0,0
48,SWZ,Eswatini,Sub-Saharan Africa,6.27,38,8521.214825,Lower middle income,0,7.550531935,-9,33.9,34.652,119569999.7,2.81257876,1136191,GBR,2.350258829,,,,6.11678,-0.2176961,0,1,9.05031419475297,13.943191997933146,18.599412529386772,0,0
49,ETH,Ethiopia,Sub-Saharan Africa,5.61,34,2103.512989,Low income,0,6.885937936,,3.8,16.1,4930049805,12.38229481,109224559,.,6.161209944,,0.347780072,,5.912193333,-0.4862171,0,0,7.6513640779580285,18.50891649525643,22.318614927384058,0,0
50,FJI,Fiji,East Asia & Pacific,6.5,,13846.26853,Upper middle income,0,8.927968229,2,39.1,32.637,111110000.6,1.425825181,883483,GBR,1.473933545,,0.886715239,0,5.69338,0.3810643,29,1,9.535771055098731,13.691627328904246,18.526031264960245,1,0
51,FIN,Finland,Europe & Central Asia,7.76,85,48158.5913,High income,1,8.029010546,10,93.1,53.384,,1.87575602,5515525,RUS,0.669109759,,0.312605307,0,8.470576667,2.212744,99,0,10.78225482913962,15.523077401061927,,0,0
52,FRA,France,Europe & Central Asia,7.4,72,45561.00176,High income,0,7.577046421,9,2.4,55.663,,0.951860516,66965912,.,0.03837135,0.008319545,2.14e-5,0,7.67732,1.317086,70,0,10.726807405027909,18.019694271765353,,0,0
53,GAB,Gabon,Sub-Saharan Africa,5.86,31,14744.43433,Upper middle income,0,7.072815725,3,18.8,17.084,116230003.4,7.139266636,2119275,FRA,23.42102391,20.34564161,0.163579558,,5.072833333,-0.8557801,0,0,9.598620957000422,14.566584607027238,18.571081573872235,1,0
54,GMB,"Gambia, The",Sub-Saharan Africa,7.14,37,2158.068093,Low income,0,7.108117962,-5,0.4,21.142,232630004.9,6.951764038,2280102,GBR,2.470896844,,,,6.05032,-0.4623365,0,1,7.676968699073746,14.639730736772066,19.264959787579716,0,0
55,GEO,Georgia,Europe & Central Asia,8.18,58,14257.08166,Upper middle income,0,8.265447799,7,0,27.187,588940002.4,4.334225228,3726549,RUS,0.767436716,0.20214885,0.475457234,,6.122773333,0.7081019,12,0,9.56500902085026,15.130993162284927,20.19383487292997,1,0
56,DEU,Germany,Europe & Central Asia,7.85,80,53768.12819,High income,0,8.126935565,10,46.4,44.458,,1.672580166,82905782,.,0.081859704,0.015803979,,0,7.808883333,1.946862,26,0,10.892436157778786,18.233215364356088,,0,0
57,GHA,Ghana,Sub-Saharan Africa,6.65,41,5194.439001,Lower middle income,0,7.12771652,8,25.8,21.451,1067250000,10.21020292,29767108,GBR,14.07912633,4.618709803,5.652941048,1,5.600446667,-0.1158941,19,1,8.555343909444236,17.20891458349648,20.788351083602347,0,0
58,GRC,Greece,Europe & Central Asia,6.71,45,29206.48592,High income,0,7.165132043,10,0.1,46.919,,0.549763493,10732882,TUR,0.155333552,0.028600333,0.078732417,0,7.03198,-0.0660192,42,0,10.282146084139201,16.188822671272973,,0,0
59,GTM,Guatemala,Latin America & Caribbean,7.7,27,8448.463809,Upper middle income,0,6.48156611,8,4.9,13.225,393630004.9,1.228596991,16346950,ESP,1.680286179,0.198443237,0.691151781,1,4.721456667,-0.8205505,30,0,9.041739906072525,16.60955189356347,19.790921952198246,1,1
60,GIN,Guinea,Sub-Saharan Africa,5.57,28,2495.971762,Low income,0,6.869075619,4,0.1,15.608,590599975.6,-1.369770654,12414318,FRA,14.49197714,,9.684532383,,3.556316667,-1.04368,0,0,7.82243341612404,16.334361041867375,20.196649485960176,0,0
61,GNB,Guinea-Bissau,Sub-Saharan Africa,5.46,16,1949.17757,Low income,0,5.698019905,6,0.6,20.111,152369995.1,-0.424897293,1874309,PRT,9.236051387,,,,4.668483333,-1.533915,0,0,7.575162803618102,14.443750616128217,18.841822299286974,0,0
62,GUY,Guyana,Latin America & Caribbean,6.68,37,12477.62476,Upper middle income,0,7.03557039,7,18,27.805,102440002.4,-2.887559443,779004,GBR,19.68675808,,15.12553588,,4.048453333,-0.2267126,24,1,9.431692300091612,13.565771459627893,18.444787842723947,1,1
63,HTI,Haiti,Latin America & Caribbean,6.58,20,2992.312294,Low income,0,7.061296112,0,12.8,18.987,992150024.4,10.10600708,11123176,.,0.681454416,,,,3.291843333,-1.280559,0,0,8.003801709984435,16.2245414175183,20.71538488808859,0,1
64,HND,Honduras,Latin America & Caribbean,7.28,29,5672.25331,Lower middle income,0,6.971406686,7,2.6,26.263,659929992.7,1.908079803,9587522,ESP,1.410532486,,0.503960731,1,4.38649,-0.6184291,6,0,8.643341726946764,16.075973019309515,20.30764431569208,0,1
65,HKG,"Hong Kong SAR, China",East Asia & Pacific,8.94,76,61063.54937,High income,0,9.469450974,,7.5,18.392,,3.658065176,7451000,GBR,6.29408e-4,,,,7.428983333,1.676682,,1,11.019670393816595,15.823858809535865,,0,0
66,HUN,Hungary,Europe & Central Asia,7.44,46,31484.50271,High income,0,7.422832595,10,21.6,46.67,,4.819179065,9775564,.,0.380441409,0.154225735,2.6e-5,0,6.428883333,0.0533697,26,0,10.357250726292788,16.095396360380946,,0,0
67,ISL,Iceland,Europe & Central Asia,7.71,76,56157.51387,High income,1,7.742692432,,96.6,42.265,,2.624447783,352721,DNK,2.30612e-4,,,0,8.610453333,1.843913,98,0,10.935915769023223,12.773432655137803,,0,0
68,IND,India,South Asia,6.56,41,6496.807506,Lower middle income,0,6.52777781,9,1.1,26.509,2453979980,4.555544363,1352617328,GBR,2.272636506,0.454268524,0.476280366,0,6.495866667,-0.1863026,66,1,8.779066182305547,21.0253073139058,21.620977025092643,0,0
69,IDN,Indonesia,East Asia & Pacific,7.39,38,11371.53194,Upper middle income,0,6.558205319,9,4.8,16.631,948520019.5,3.819740524,267663435,NLD,4.777067222,1.16861817,1.123104916,,5.53829,-0.251563,17,0,9.338868312936851,19.40524090969557,20.670413453600528,1,0
70,IRN,"Iran, Islamic Rep.",Middle East & North Africa,4.8,28,13471.84897,Upper middle income,0,5.4549432940000004,-7,0,18.064,165869995.1,32.89861807,81800269,.,,,,,5.77474,-0.9589301,0,0,9.508357525760124,18.219791090076125,18.926714877441018,1,0
71,IRQ,Iraq,Middle East & North Africa,5.61,18,10660.09256,Upper middle income,0,6.07114867,6,0,31.75,2299870117,15.36063802,38433600,TUR,45.69548017,45.39493122,,,3.81249,-1.399581,0,0,9.274262380608969,17.464442634968616,21.55611848741741,1,0
72,IRL,Ireland,Europe & Central Asia,8.13,73,83470.62371,High income,0,8.548219496,10,1.1,25.04,,0.818947501,4867316,GBR,0.133050648,,0.029551137,0,8.81732,1.5476,94,1,11.33225003708235,15.398053213767712,,0,0
73,ISR,Israel,Middle East & North Africa,7.62,61,39543.22026,High income,0,7.399452956,6,0.2,39.64,,1.151426026,8882800,GBR,0.183614282,0.002291651,0.030724908,0,7.708446667,0.786691,68,1,10.585149536503899,15.999627380582242,,0,0
74,ITA,Italy,Europe & Central Asia,7.51,52,42259.35234,High income,0,7.747056254,10,0.4,48.541,,1.031114442,60421760,.,0.102796819,0.069449813,,0,6.695876667,0.2356661,70,0,10.651580965449202,17.91685986292589,,0,0
75,JAM,Jamaica,Latin America & Caribbean,7.69,44,9737.981656,Upper middle income,0,8.148421808,9,55.5,29.451,98790000.92,4.846876221,2934855,GBR,1.323015408,,1.169367703,0,5.40257,-0.1815255,54,1,9.183789152986508,14.892168606276059,18.40850695233334,1,1
76,JPN,Japan,East Asia & Pacific,7.88,73,41074.10402,High income,0,8.402421725,10,0.9,37.526,,-0.097921833,126529100,.,0.030677136,0.002276748,0.003486902,0,7.92991,1.424979,64,0,10.623133129399145,18.655982879202504,,0,0
77,JOR,Jordan,Middle East & North Africa,7.62,49,10022.76232,Upper middle income,0,7.952327244,-3,0.3,30.379,2523949951,1.711128234,9956011,GBR,0.638378297,0.001134393,0.608366892,,6.125623333,0.1495778,0,1,9.212614017284654,16.113687047330398,21.649090952189475,1,0
78,KAZ,Kazakhstan,Europe & Central Asia,7.12,31,25544.27977,Upper middle income,0,7.95947317,-6,2,18.847,75629997.25,9.205605991,18276498.5,RUS,22.39879401,15.56288161,4.177978079,,5.386993333,-0.5017782,0,0,10.148168686808802,16.721126557502547,18.14136355147098,1,0
79,KEN,Kenya,Sub-Saharan Africa,6.84,27,4203.802282,Lower middle income,0,6.817084649,9,19.3,25.599,2488389893,2.422470697,51393010,GBR,1.309758659,0.005298541,0.005796724,,5.149683333,-0.8523029,14,1,8.343744699967923,17.755012728959713,21.634901708950853,0,0
80,KOR,"Korea, Rep.",East Asia & Pacific,7.69,57,41993.05088,High income,0,7.489211956,8,12.2,20.383,,0.482948983,51606633,JPN,0.018916369,0.002396662,0.00140716,,7.779013333,0.6042064,28,0,10.645259428338182,17.759160768702024,,0,0
81,KWT,Kuwait,Middle East & North Africa,6.6,41,50478.5941,High income,0,6.968289168,-7,0.1,49.38,,14.59024715,4137312,GBR,43.09483172,42.45690744,,,6.605783333,-0.2894517,0,1,10.829304646193345,15.23555685956865,,0,0
82,KGZ,Kyrgyz Republic,Europe & Central Asia,6.99,29,5133.151914,Lower middle income,0,7.0144942,7,0,33.06,413609985.4,3.447445134,6322800,RUS,11.54692062,0.135815962,11.183591849999999,,5.745386667,-0.9544102,0,0,8.543475157680517,15.659672705985377,19.840434023516966,0,0
83,LAO,Lao PDR,East Asia & Pacific,6.62,29,7592.819798,Lower middle income,0,6.433753321,-7,0.2,20.907,565159973.1,1.919889194,7061507,FRA,6.731680812,,5.25159562,,3.474106667,-0.9827906,0,0,8.934958316283119,15.770169042781566,20.15261938726474,0,0
84,LVA,Latvia,Europe & Central Asia,7.89,58,30050.47495,High income,0,8.193038282,8,14.1,38.195,,3.904932686,1927174,RUS,0.845168169,,,0,7.736383333,0.3286469,23,0,10.31063374516291,14.471565239116659,,0,0
85,LBN,Lebanon,Middle East & North Africa,6.88,28,15612.01218,Upper middle income,0,6.474103736,6,1,32.29,1419630005,5.457614289,6848925,FRA,8.16481e-4,,,,5.78141,-1.109051,0,0,9.655795908469303,15.739602263616362,21.073662114748807,1,0
86,LSO,Lesotho,Sub-Saharan Africa,6.65,41,2748.543746,Lower middle income,0,7.53906075,8,29.8,51.573,151839996.3,6.853930157,2108132,GBR,3.344852177,,,,5.643886667,-0.1029647,14,1,7.918826503492044,14.561312805278753,18.838337868458137,0,0
87,LBR,Liberia,Sub-Saharan Africa,6.28,32,1497.004477,Low income,0,6.206101274,6,18.6,31.913,570750000,-1.85292811,4818977,FRA,21.55805217,,8.290335719,,4.495916667,-0.8520926,10,0,7.311221375063119,15.388072222836646,20.162461843374178,0,0
88,LBY,Libya,Middle East & North Africa,4.72,17,15017.98908,Upper middle income,0,5.983016436,0,0.1,85.843,303309997.6,18.12364521,6678567,TUR,43.44257542,42.42871324,,,5.461926667,-1.552905,0,0,9.617004033532117,15.714414001541833,19.530265934858708,1,0
89,LTU,Lithuania,Europe & Central Asia,8.1,59,35495.53131,High income,0,8.222700449,10,0,33.335,,3.528439716,2801543,RUS,0.344371601,0.03355675,,,6.7735,0.4979783,24,0,10.477162088948583,14.845680894789904,,0,0
90,LUX,Luxembourg,Europe & Central Asia,7.75,81,114109.9725,High income,0,7.963887207,10,1.2,42.291,,2.511835998,607950,NLD,0.011717768,,,0,8.552163333,2.088052,126,0,11.644917933433165,13.317847920724564,,0,0
91,MDG,Madagascar,Sub-Saharan Africa,6.2,25,1613.104514,Low income,0,6.194486994,6,22,14.257,690570007.3,7.582543198,26262368,FRA,6.09048639,0.144544882,1.60247802,,4.57346,-1.000645,0,0,7.38591587081843,17.08364759794475,20.353027912061044,0,0
92,MWI,Malawi,Sub-Saharan Africa,5.79,32,1042.526368,Low income,0,6.238555786,6,31.5,29.118,1270969971,6.669240741,18143315,GBR,6.224147676,,0.009283847,1,6.431396667,-0.7446045,22,1,6.949402246398656,16.713812731269595,20.963046202596104,0,0
93,MYS,Malaysia,East Asia & Pacific,7.58,47,27557.65446,Upper middle income,0,8.541027359,5,1.4,22.723,,0.673482607,31528585,GBR,7.541505707,2.92934413,0.037235804,0,6.35039,0.3140343,0,1,10.224035614829473,17.26640515262013,,1,0
94,MLI,Mali,Sub-Saharan Africa,5.93,32,2283.710194,Low income,0,6.389596096,5,0.2,20.428,1492239990,1.457963911,19077690,FRA,10.21325791,,8.189968806,,5.096613333,-0.6976493,0,0,7.733556677436315,16.76403014747256,21.123544176999246,0,0
95,MLT,Malta,Middle East & North Africa,7.94,54,43528.41876,High income,0,8.466528007,,0.5,36.305,,2.047393932,484630,GBR,,,,0,6.95368,0.5799955,52,1,10.681169308593663,13.091140992175617,,0,0
96,MRT,Mauritania,Sub-Saharan Africa,6.22,27,5042.423182,Lower middle income,0,6.980793195,-2,0,20.133,447179992.7,1.808331878,4403319,FRA,16.17667205,,14.87903253,,4.68418,-0.807347,0,0,8.525642035602262,15.297869132715336,19.918471739761408,0,0
97,MUS,Mauritius,Sub-Saharan Africa,8.21,51,22208.13812,High income,0,8.364998535,10,0.9,24.763,66699996.95,1.44727208,1265303,GBR,0.002055829,,,0,6.767346667,0.2697556,48,1,10.008214082667594,14.050822177153758,18.015715465158713,0,0
98,MEX,Mexico,Latin America & Caribbean,7.21,28,20024.11949,Upper middle income,0,7.140231699,8,1.2,25.662,539799987.8,4.94131461,126190788,ESP,3.47499266,2.357417556,0.851952372,1,4.125206667,-0.8544276,16,0,9.904692800432999,18.653305510161463,20.106709235947214,1,1
99,MDA,Moldova,Europe & Central Asia,6.99,33,12373.03809,Lower middle income,0,7.458006624,9,0,31.37,230929992.7,3.180023196,2706049,RUS,0.270791421,0.013091061,,,6.452663333,-0.7268325,25,0,9.423275036686567,14.811000195457275,19.257625160648765,0,0
100,MNG,Mongolia,East Asia & Pacific,7.43,37,11915.5793,Lower middle income,0,7.710132796,10,0,28.456,331730011,8.411834917,3170208,CHN,40.06930317,2.430041407,28.8783133,,6.30747,-0.4278318,26,0,9.385602007738285,14.96930775884284,19.61983197615858,0,0
101,MNE,Montenegro,Europe & Central Asia,6.94,45,20628.56647,Upper middle income,0,7.138809485,9,,47.185,154839996.3,3.226084945,622227,,1.624795308,,1.072621376,,6.145586667,0.0228173,10,,9.934432116011559,13.341060256911106,18.857902859778086,1,0
102,MAR,Morocco,Middle East & North Africa,6.7,43,7437.637535,Lower middle income,0,7.432093158,-4,0,29.916,811650024.4,1.089633977,36029138,FRA,1.586964441,0.006610873,1.450623781,,6.217666667,-0.2173273,0,0,8.914308541783749,17.399838557930725,20.514579800783345,0,0
103,MOZ,Mozambique,Sub-Saharan Africa,5.94,23,1289.738003,Low income,0,6.233057044,5,6.8,32.606,1819790039,3.00116964,29495962,PRT,15.76340154,0.10064222,0.616282823,,5.492946667,-0.7809925,0,0,7.162194378278822,17.199763930585007,21.321986968193457,0,0
104,MMR,Myanmar,East Asia & Pacific,5.81,29,5029.180876,Lower middle income,0,6.215792896,,3.2,21.031,1687670044,6.265218659,53708395,GBR,6.587145201,0.165002881,1.264243123,,5.39048,-0.5883577,0,1,8.523012402118939,17.79907987873174,21.24661474244914,0,0
105,NAM,Namibia,Sub-Saharan Africa,6.52,53,9931.972912,Upper middle income,0,8.213288707,6,64.2,36.779,150029998.8,4.298921009,2448255,DEU,4.656231165,,4.188105468,1,7.624733333,0.3381373,0,0,9.203514419278385,14.71088608385605,18.826345824064795,1,0
106,NPL,Nepal,South Asia,6.48,31,3252.743328,Lower middle income,0,7.356335801,6,0,31.924,1450729980,6.700635455,28087871,.,0.456871306,,-1.87856e-4,0,6.167626667,-0.6737257,8,0,8.087254020194026,17.15084840411123,21.09533270118103,0,0
107,NLD,Netherlands,Europe & Central Asia,7.82,82,56324.76832,High income,0,7.989872997,10,42.4,41.29,,2.437090745,17231624,.,0.414187426,0.030050189,,0,8.63259,2.009312,119,0,10.938889652020793,16.66225685827024,,0,0
108,NZL,New Zealand,East Asia & Pacific,8.53,87,42369.77529,High income,0,9.136993077,10,37.9,36.396,,0.800306089,4841000,GBR,1.324697464,0.198910155,0.249351716,,8.032393333,2.175004,159,1,10.654190540089902,15.392631868921832,,0,0
109,NIC,Nicaragua,Latin America & Caribbean,7.05,25,5694.92448,Lower middle income,0,6.818048778,9,4.4,27.513,351950012.2,3.59183161,6465513,ESP,2.818328431,,1.562686418,1,4.258223333,-1.092894,32,0,8.64733061503831,15.681992917388051,19.67899971268243,0,1
110,NER,Niger,Sub-Saharan Africa,5.85,34,1200.966203,Low income,0,6.332025535,6,0,21.095,1196319946,2.432600019,22442948,FRA,6.057944553,1.381539606,0.228952925,,4.737196667,-0.5796463,7,0,7.090881680967956,16.926487002539172,20.902515970077452,0,0
111,NGA,Nigeria,Sub-Saharan Africa,6.93,27,5155.074546,Lower middle income,0,7.878746635,7,15.8,12.82,3301520020,10.22848509,195874740,GBR,11.48387008,9.025344222,0.017353835,,4.603216667,-1.046155,33,1,8.547736857258238,19.092985931262426,21.91764881149086,0,0
112,MKD,North Macedonia,Europe & Central Asia,7.15,37,15971.86851,Upper middle income,0,8.122226221,9,1,30.396,169919998.2,3.906589672,2082958,TUR,1.521359278,,1.371832571,,5.415366667,-0.3648497,25,0,9.678584235617294,14.549299556813713,18.950838285424627,1,0
113,NOR,Norway,Europe & Central Asia,7.6,84,63332.79989,High income,0,7.729442909,10,97.8,49.237,,5.781591997,5311916,.,7.979729663,5.240477667,0.006925392,0,8.79905,2.090204,116,0,11.056158639649569,15.485463156760364,,0,0
114,OMN,Oman,Middle East & North Africa,6.79,52,28593.07967,High income,0,6.809604888,-8,0.1,45.099,,11.05980576,4829483,.,29.20238625,26.85557848,0.01853785,,6.784023333,0.2461315,0,0,10.260919997948163,15.390249980562162,,0,0
115,PAK,Pakistan,South Asia,6.07,33,4739.768808,Lower middle income,0,6.512691772,7,0.8,21.632,1361979980,2.459286095,212215030,GBR,1.305541289,0.478416625,0.05060241,1,5.332383333,-0.7908247,8,1,8.463743638816053,19.173110611042095,21.0322053455936,0,0
116,PAN,Panama,Latin America & Caribbean,7.8,37,31049.17931,High income,0,7.02088967,9,5.2,22.899,38290000.92,0.948617363,4176873,ESP,0.126954315,,0.042224653,,5.450316667,-0.5544491,25,0,10.343327655772377,15.245073438420484,17.460699347480638,0,1
117,PNG,Papua New Guinea,East Asia & Pacific,6.39,28,4193.358779,Lower middle income,0,7.74578506,5,58.4,20.377,785539978,9.797605754,8606316,GBR,24.51946501,3.032256258,12.79391615,,5.131606667,-0.876112,41,1,8.341257309691917,15.968006910275012,20.481881909336202,0,0
118,PRY,Paraguay,Latin America & Caribbean,7.23,29,12850.46496,Upper middle income,0,6.567854924,9,1.9,20.515,161550003.1,2.182579794,6956071,ESP,1.208297245,,,1,4.33806,-0.8388299,13,0,9.46113527332634,15.755125361419745,18.900325269423888,1,1
119,PER,Peru,Latin America & Caribbean,7.76,35,12782.37633,Upper middle income,0,7.435683164,9,2.7,21.42,441540008.5,2.016232913,31989256,ESP,8.902084074,0.305571781,8.210935453,1,5.575403333,-0.5318839,15,0,9.455822651961135,17.28091065438735,19.90577919338164,1,1
120,PHL,Philippines,East Asia & Pacific,7.43,36,8516.094388,Lower middle income,0,7.429542261,8,3.8,20.85,540590026.9,3.74065383,106651922,ESP,1.470657536,0.065662196,0.991107006,1,5.02963,-0.5448732,30,0,9.049713109559274,18.485081024285115,20.108171743430752,0,0
121,POL,Poland,Europe & Central Asia,7.04,60,31774.82269,High income,0,7.322533112,10,0.1,41.517,,1.201608998,37974750,DEU,0.966189862,0.051762759,0.403346918,0,6.002276667,0.6415238,27,0,10.366429515868994,17.452432023145967,,0,0
122,PRT,Portugal,Europe & Central Asia,7.6,64,34083.35267,High income,0,6.965673062,10,1.1,43.366,,1.812996737,10283822,.,0.182738663,,0.048999772,0,7.83015,0.8499604,40,0,10.436564352571741,16.14608253877783,,0,0
123,QAT,Qatar,Middle East & North Africa,6.88,62,90970.22442,High income,0,7.122174474,-10,0.9,28.896,,12.41440354,2781677,GBR,21.29103988,16.58586112,,,6.851883333,0.7250077,0,1,11.418287527780196,14.838564541202343,,0,0
124,ROU,Romania,Europe & Central Asia,7.83,47,28575.76706,High income,0,7.599275905,9,,31.951,,6.186225461,19472545,,1.036131854,0.443535689,0.028933486,0,5.049923333,-0.1216513,25,,10.260314332047257,16.784516082724913,,0,0
125,RUS,Russian Federation,Europe & Central Asia,6.74,28,26667.72544,Upper middle income,0,6.633145969,4,0,32.382,,11.10402268,144477860,.,15.52869908,10.0008161,1.008840858,,4.807386667,-0.8452116,0,0,10.191209328199726,18.788636835784605,,1,0
126,RWA,Rwanda,Sub-Saharan Africa,7.39,56,2088.754318,Low income,0,7.998975867,-3,11.6,26.401,1119270020,-0.670656203,12301939,BEL,4.022617648,,0.276350174,,5.434893333,0.5783511,0,0,7.644323147172577,16.32526745019483,20.835942541903265,0,0
127,SAU,Saudi Arabia,Middle East & North Africa,6.31,49,47596.73557,High income,0,6.726969632,-10,0.1,36.575,,11.50846501,33699947,.,29.54625822,28.7128166,0.101194587,,6.215623333,0.3597602,0,0,10.770519457405578,17.333006822621055,,0,0
128,SEN,Senegal,Sub-Saharan Africa,6.27,45,3314.785689,Lower middle income,0,5.856361758,7,0.1,22.435,991590026.9,-0.48744471,15854360,FRA,2.589823393,,1.108111878,0,5.743893333,-0.0249317,16,0,8.106148251661356,16.578955099324663,20.714820300491027,0,0
129,SRB,Serbia,Europe & Central Asia,7.05,39,17395.3177,Upper middle income,0,7.273606029,8,,40.723,1067609985,1.974942562,6982604,,1.290372516,0.113395705,0.513152185,,5.74843,-0.3702491,10,,9.763956351288188,15.758932471069352,20.788688328204746,1,0
130,SYC,Seychelles,Sub-Saharan Africa,7.49,66,27996.77057,High income,0,7.694067279,,1.1,37.308,,2.207040875,96762,GBR,0.094351556,,,,6.9775,0.7027964,0,1,10.239844445719829,11.480009634208571,,0,0
131,SLE,Sierra Leone,Sub-Saharan Africa,5.87,30,1663.292393,Low income,0,5.027807523,7,4.8,21.357,505899993.9,13.42602679,7650154,GBR,7.880184192,,0.955502144,,5.9001,-0.4923064,14,1,7.416554286347686,15.850236336319053,20.041849567204444,0,0
132,SGP,Singapore,East Asia & Pacific,8.65,85,97744.95461,High income,0,9.005908601,-2,2.6,14.012,,3.089329625,5638676,GBR,1.87593e-4,,,0,7.509796667,2.174833,0,1,11.490116861272533,15.545159844142681,,0,0
133,SVK,Slovak Republic,Europe & Central Asia,7.63,50,32032.00045,High income,0,7.855575842,10,8.4,41.851,,2.037905901,5446771,HUN,0.276491332,0.027352374,0.01348197,0,6.524486667,0.3629843,23,0,10.374490696163399,15.510533513991314,,0,0
134,SVN,Slovenia,Europe & Central Asia,7.33,60,38138.8618,High income,0,7.26682857,10,0,43.564,,2.15554273,2073894,AUT,0.229481858,1.38791e-4,,,7.35214,0.8703502,25,0,10.548989036024263,14.544938557497325,,0,0
135,ZAF,South Africa,Sub-Saharan Africa,6.73,43,12630.74748,Upper middle income,0,7.237023175,9,39,33.188,914809997.6,3.916539626,57779622,GBR,5.168947628,0.005590851,2.2038283,0,4.769483333,-0.0230474,22,1,9.44388939649116,17.872146710924888,20.63422694878077,1,0
136,ESP,Spain,Europe & Central Asia,7.73,58,40359.69923,High income,0,7.807628862,10,0.1,41.715,,1.188141606,46797754,.,0.102609049,0.002381532,0.073717695,0,7.886603333,0.6136052,39,0,10.605587022259401,17.661345768283258,,0,0
137,LKA,Sri Lanka,South Asia,6.88,38,12864.60635,Lower middle income,0,7.020000883,6,0.4,18.747,,4.338200941,21670000,GBR,0.064697203,,0.001219065,1,6.127556667,-0.3355731,0,1,9.462235125724575,16.89143937351254,,0,0
138,SDN,Sudan,Sub-Saharan Africa,4.21,16,4160.597868,Low income,0,4.546696893,,0.1,16.837,963469970.7,58.6402201,41801533,GBR,22.09492938,6.381683716,12.69865677,,3.931303333,-1.426554,0,1,8.33341406119806,17.548443571463636,20.686051878441457,0,0
139,SUR,Suriname,Latin America & Caribbean,6.37,43,16634.46968,Upper middle income,0,7.466298446,5,36.6,30.907,13050000.19,4.665576506,575987,NLD,29.19476079,6.915235026,19.91848111,,5.17008,-0.2114974,25,0,9.71923230817284,13.26384036997889,16.384298706292363,1,1
140,SWE,Sweden,Europe & Central Asia,7.58,85,53146.4611,High income,1,7.827244787,10,68.4,48.813,,2.396920335,10175214,.,0.537634002,,0.329357518,0,8.229303333,2.139882,105,0,10.880806798298392,16.135465321012795,,0,0
141,CHE,Switzerland,Europe & Central Asia,8.43,85,68479.44021,High income,0,8.583883417,10,43.2,32.674,,0.230767975,8514329,.,0.010342355,,,1,7.839333333,2.009996,168,0,11.134288836278708,15.95726106685996,,0,0
142,SYR,Syrian Arab Republic,Middle East & North Africa,5.45,13,0,Low income,0,5.006050678,-9,0.2,,9990820313,0,16906283,FRA,,,,,5.281346667,-1.627016,0,0,,16.643195885949975,23.024932539649164,0,0
143,TWN,Taiwan,,7.94,63,,,,8.081538424,10,,17.396,,,,JPN,,,,0,7.68341,1.027812,20,0,,,,,0
144,TJK,Tajikistan,Europe & Central Asia,6.05,25,3234.721579,Low income,0,6.60772021,-3,0,31.869,397540008.5,4.841199749,9100837,RUS,6.766636084,0.121098437,4.916461256,,4.299253333,-1.415277,0,0,8.081698138007066,16.023876945279337,19.80080613730822,0,0
145,TZA,Tanzania,Sub-Saharan Africa,6.73,36,2589.975602,Lower middle income,0,6.995402343,3,11.2,16.606,2453260010,4.777467525,56318348,GBR,4.683778632,,2.158764986,,6.893836667,-0.4464366,0,1,7.859403734571994,17.846530936997496,21.620683593344193,0,0
146,THA,Thailand,East Asia & Pacific,6.75,36,18086.50771,Upper middle income,0,6.835944605,-3,0.2,21.361,,1.464479058,69428524,.,2.010224386,0.756520667,0.017075514,0,4.482786667,-0.3988422,0,0,9.802921508895798,18.055808349681648,,1,0
147,TLS,Timor-Leste,East Asia & Pacific,6.29,35,3051.675337,Lower middle income,0,7.108291103,8,,86.242,202580001.8,-1.427360983,1267972,,33.5451186,33.41307888,,,5.657613333,-0.4736333,14,,8.023446009616148,14.05292933171657,19.126645437108305,0,0
148,TGO,Togo,Sub-Saharan Africa,6.25,30,1552.858562,Low income,0,6.440864733,-2,6.1,24.668,296420013.4,1.459905643,7889094,FRA,11.16749076,,7.206396974,,4.321926667,-0.7301584,0,0,7.347852744950968,15.880991857331376,19.507287970699167,0,0
149,TTO,Trinidad and Tobago,Latin America & Caribbean,7.26,41,26272.9084,High income,0,6.828833561,10,13.2,30.715,,6.056619887,1389858,GBR,10.61302721,3.997840625,,,4.965523333,-0.3172942,54,1,10.176293588390081,14.144712141614981,,0,1
150,TUN,Tunisia,Middle East & North Africa,6.07,43,10763.78558,Lower middle income,0,6.636058541,7,0,30.787,805270019.5,6.477784336,11565204,FRA,3.286419711,2.563398527,0.243080239,,7.534736667,-0.0536738,60,0,9.283942591544339,16.263511492921417,20.50668820708977,0,0
151,TUR,Turkey,Europe & Central Asia,6.62,41,28545.24824,Upper middle income,0,5.970694151,3,0,34.615,1187280029,16.48528447,82319724,.,0.477268898,0.111939014,0.230223595,0,4.298443333,-0.3354134,33,0,10.259245764804756,18.22612129671477,20.894930837977416,1,0
152,UGA,Uganda,Sub-Saharan Africa,7.55,26,2122.260513,Low income,0,7.796247212,-1,1.9,15.955,1940800049,4.535752752,42723139,GBR,7.467531597,,0.144543831,1,5.73857,-1.038054,0,1,7.660237079310602,17.570251228381224,21.38636612140138,0,0
153,UKR,Ukraine,Europe & Central Asia,6.06,32,12338.0028,Lower middle income,0,6.607963915,4,0,41.719,1221099976,15.39799476,44622518,RUS,3.71306214,0.321585975,1.590015382,0,5.285203333,-0.8737929,25,0,9.420439436710716,17.61374917746966,20.92301790914884,0,0
154,ARE,United Arab Emirates,Middle East & North Africa,7.05,70,66968.26985,High income,0,7.485751782,-8,0.3,28.87,,8.206537288,9630959,GBR,17.37530502,16.58907748,,,6.106306667,1.151779,0,1,11.111974201868268,16.08049336344745,,0,0
155,GBR,United Kingdom,Europe & Central Asia,8.08,80,46244.75259,High income,0,8.466038621,10,16.1,38.783,,2.136840552,66460344,.,0.661998207,0.517195198,2.79e-5,,7.517916667,1.826838,131,0,10.741703278990267,18.012115996923068,,0,0
156,USA,United States,North America,8.22,71,61498.36983,High income,0,8.815631651,10,43.6,35.37,,2.436001896,326687501,GBR,0.711242137,0.376622096,0.071173889,,7.794093333,1.328681,216,1,11.026765946614029,19.604514617498445,,0,1
157,URY,Uruguay,Latin America & Caribbean,7.25,70,21590.83348,High income,0,7.058717471,10,1.9,33.224,,5.555042955,3449299,ESP,1.597521345,,0.041532827,1,5.673526667,1.259947,31,0,9.980024127673383,15.053681579956185,,0,1
158,VEN,"Venezuela, RB",Latin America & Caribbean,3.34,18,0,Upper middle income,0,2.517874163,4,1,48.421,147130004.9,0,28870195,ESP,,,,,2.489033333,-1.470778,0,0,,17.178320306032656,18.80682714097801,1,1
159,VNM,Vietnam,East Asia & Pacific,6.2,33,7586.384939,Lower middle income,0,6.919455324,-7,0.2,20.511,1633349976,3.398105023,95540395,FRA,4.320103336,1.614026669,0.277120319,,5.595616667,-0.4854065,0,0,8.934110464304444,18.375059700311514,21.213898942730726,0,0
160,YEM,"Yemen, Rep.",Middle East & North Africa,5.51,14,0,Low income,0,4.308373321,0,0.1,14.264,7985220215,14.85349253,28498687,GBR,2.688356266,2.645542281,,,3.5075,-1.638176,0,1,,17.165368574002176,22.800858196817952,0,0
161,ZMB,Zambia,Sub-Saharan Africa,7.19,35,3521.520144,Lower middle income,0,6.496614627,7,31.9,27.353,991869995.1,7.411883661,17351822,GBR,19.11167072,,14.61876249,1,6.031293333,-0.6562852,8,1,8.166648034458754,16.669208073252737,20.715102603334298,0,0
162,ZWE,Zimbabwe,Sub-Saharan Africa,5.12,22,3130.029501,Lower middle income,0,6.275334408,4,21.4,17.653,793609985.4,5.220226667,14439018,GBR,5.74518718,,3.735933548,1,4.944943333,-1.234743,0,1,8.048797708729397,16.485444683576308,20.492102696265054,0,0
